"Art","Acting and Directing"
"Art","Advertising"
"Art","Animation"
"Art","Architecture"
"Art","Cartoons & Comics"
"Art","Ceramics"
"Art","Cosmetic Science"
"Art","Design"
"Art","Digital"
"Art","Digital Art"
"Art","Digital Art","3 Dimensional Art"
"Art","Digital Art","Drawings"
"Art","Digital Art","Drawings","Pencil"
"Art","Digital Art","Fractal Art"
"Art","Digital Art","Miscellaneous"
"Art","Digital Art","Mixed Media"
"Art","Digital Art","Paintings & Airbrushing"
"Art","Digital Art","PhotoManipulation"
"Art","Digital Art","Pixel Art"
"Art","Digital Art","Text Art"
"Art","Digital Art","Vector"
"Art","Digital Art","Vexel"
"Art","Digital Art","Other"
"Art","Embroidery"
"Art","Fashion"
"Art","Film"
"Art","Film","B&W"
"Art","Film","Colour"
"Art","Fine Art"
"Art","Fine Art","Canvas Art"
"Art","Fine Art","Other"
"Art","Game Design"
"Art","General"
"Art","Graphics Design"
"Art","Interactive Arts"
"Art","Interior Architecture"
"Art","Jewelly"
"Art","Landscape Architecture"
"Art","Literature"
"Art","Manga/Anime"
"Art","Media"
"Art","Music"
"Art","Other"
"Art","Photography"
"Art","Printing and Publishing"
"Art","Product Design"
"Art","Retail"
"Art","Sculpture"
"Art","Spacial Design"
"Art","Special Effects"
"Art","Textiles"
"Art","Theatre"
"Art","Three Dimensional Design"
"Art","Traditional Art"
"Art","Traditional Art","Animations"
"Art","Traditional Art","Body Art"
"Art","Traditional Art","Collage"
"Art","Traditional Art","Drawings"
"Art","Traditional Art","Miscellaneous"
"Art","Traditional Art","Mixed Media"
"Art","Traditional Art","Paintings"
"Art","Traditional Art","Printing"
"Art","Traditional Art","Sculpture"
"Art","Traditional Art","Street Art"
"Art","Traditional Art","Typography"
"Art","Travel And Tourism"
